{"cameraMode":{"drawMode":0,"name":"Shaded","section":"Shading Mode"},"sceneLighting":true,"audioPlay":false,"sceneViewState":{"m_AlwaysRefresh":false,"showFog":true,"showSkybox":true,"showFlares":true,"showImageEffects":true,"showParticleSystems":true,"showVisualEffectGraphs":true,"m_FxEnabled":true},"in2DMode":false,"pivot":{"x":0.8069067001342773,"y":-5.714724540710449,"z":21.50173568725586},"rotation":{"x":-0.16412028670310975,"y":0.14940829575061799,"z":-0.025156613439321519,"w":-0.9747347235679627},"size":28.888383865356447,"orthographic":false}